Episode,AVG_Reward
0,17.0
1,15.0
2,10.0
3,19.0
4,14.0
5,18.0
6,17.0
7,13.0
8,16.0
9,18.0
10,15.0
11,12.0
12,13.0
13,12.0
14,21.0
15,21.0
16,10.0
17,13.0
18,16.0
19,19.0
20,23.0
21,18.0
22,14.0
23,22.5
24,13.0
25,14.0
26,21.5
27,16.0
28,16.0
29,15.0
30,17.0
31,21.5
32,18.0
33,17.0
34,16.0
35,16.0
36,20.0
37,13.0
38,16.0
39,14.0
40,20.0
41,17.0
42,15.0
43,17.0
44,15.0
45,10.0
46,19.0
47,15.0
48,19.0
49,10.0
50,16.0
51,13.0
52,14.0
53,17.5
54,12.0
55,17.0
56,18.0
57,21.0
58,19.0
59,16.0
60,15.0
61,17.0
62,17.0
63,14.0
64,15.0
65,14.0
66,20.0
67,17.0
68,15.0
69,16.0
70,15.0
71,18.0
72,15.0
73,16.0
74,13.5
75,19.0
76,22.0
77,14.0
78,18.0
79,19.0
80,21.0
81,16.0
82,18.0
83,14.0
84,16.0
85,17.0
86,11.0
87,22.5
88,20.0
89,11.0
90,17.0
91,19.0
92,16.0
93,17.0
94,13.0
95,13.0
96,19.0
97,16.0
98,12.0
99,22.0
100,20.0
101,16.0
102,16.0
103,13.0
104,18.0
105,15.0
106,15.0
107,14.0
108,15.0
109,17.0
110,11.0
111,17.0
112,13.0
113,17.5
114,14.0
115,17.0
116,17.0
117,13.0
118,12.0
119,19.0
120,11.0
121,19.0
122,14.0
123,17.0
124,15.0
125,16.0
126,16.0
127,14.0
128,16.0
129,17.0
130,18.0
131,15.0
132,11.0
133,16.0
134,13.0
135,16.0
136,15.0
137,17.0
138,16.0
139,17.0
140,20.0
141,14.0
142,15.0
143,17.5
144,19.0
145,18.0
146,20.0
147,16.0
148,20.0
149,13.0
150,20.0
151,13.0
152,18.0
153,17.0
154,19.0
155,17.0
156,13.0
157,14.0
158,19.0
159,15.0
160,17.0
161,10.0
162,13.0
163,15.0
164,16.0
165,18.0
166,11.0
167,20.0
168,17.0
169,18.0
170,20.5
171,16.0
172,11.0
173,19.0
174,13.0
175,16.0
176,17.0
177,20.0
178,18.0
179,13.0
180,14.0
181,17.0
182,24.0
183,16.0
184,16.0
185,15.0
186,18.5
187,16.0
188,12.0
189,19.0
190,18.0
191,16.0
192,16.0
193,16.0
194,18.0
195,15.0
196,17.0
197,18.0
198,17.0
199,11.0
200,11.0
201,12.0
202,11.0
203,18.0
204,15.0
205,19.0
206,16.0
207,18.0
208,15.0
209,16.0
210,15.0
211,17.0
212,16.0
213,14.0
214,17.0
215,16.0
216,14.0
217,15.0
218,16.0
219,16.0
220,14.0
221,21.0
222,20.0
223,19.0
224,18.0
225,19.0
226,15.0
227,16.0
228,16.0
229,18.0
230,21.0
231,15.0
232,16.0
233,17.0
234,14.0
235,14.0
236,20.0
237,17.0
238,21.0
239,16.0
240,15.0
241,19.0
242,18.0
243,12.0
244,21.0
245,19.5
246,17.0
247,17.0
248,15.0
249,14.0
250,18.0
251,21.0
252,17.0
253,19.0
254,18.0
255,16.0
256,17.0
257,15.0
258,16.0
259,18.0
260,13.0
261,16.5
262,17.0
263,20.0
264,18.0
265,16.0
266,15.0
267,18.5
268,9.0
269,16.0
270,14.0
271,17.5
272,18.0
273,17.0
274,15.0
275,20.0
276,17.0
277,12.0
278,20.0
279,17.0
280,18.0
281,16.0
282,14.0
283,22.0
284,20.0
285,19.0
286,14.0
287,28.5
288,12.0
289,19.0
290,13.0
291,18.0
292,15.0
293,13.0
294,13.0
295,14.0
296,13.0
297,20.0
298,14.0
299,20.0
300,18.0
301,22.0
302,11.0
303,18.0
304,13.0
305,20.0
306,16.0
307,15.0
308,19.0
309,20.0
310,17.5
311,14.0
312,18.0
313,15.0
314,19.0
315,17.5
316,15.0
317,18.0
318,15.0
319,15.0
320,19.0
321,18.0
322,18.0
323,13.0
324,21.0
325,18.0
326,16.0
327,10.0
328,15.0
329,16.0
330,13.0
331,12.0
332,20.0
333,16.0
334,18.0
335,13.0
336,15.0
337,21.0
338,15.0
339,21.0
340,14.0
341,16.0
342,13.0
343,19.0
344,15.0
345,15.0
346,21.0
347,19.0
348,11.0
349,13.0
350,19.0
351,14.0
352,17.0
353,21.0
354,14.0
355,14.0
356,20.0
357,14.5
358,21.0
359,14.0
360,13.0
361,11.0
362,19.0
363,18.0
364,17.0
365,14.0
366,18.0
367,19.0
368,11.0
369,20.0
370,15.0
371,16.0
372,17.0
373,16.0
374,12.0
375,12.0
376,13.0
377,20.0
378,18.0
379,19.0
380,19.0
381,14.0
382,18.0
383,18.0
384,11.0
385,19.0
386,13.0
387,16.0
388,18.0
389,16.0
390,19.0
391,14.0
392,14.0
393,16.0
394,17.0
395,13.0
396,18.0
397,13.0
398,19.0
399,17.0
400,19.5
401,18.0
402,15.0
403,16.0
404,13.0
405,20.0
406,18.0
407,15.0
408,20.0
409,19.0
410,16.0
411,18.0
412,18.0
413,19.0
414,16.0
415,19.0
416,15.0
417,14.0
418,16.0
419,16.0
420,13.0
421,14.0
422,13.0
423,12.0
424,15.0
425,14.0
426,15.0
427,14.0
428,12.0
429,22.0
430,13.0
431,17.0
432,14.0
433,15.0
434,19.0
435,14.0
436,20.0
437,17.0
438,18.0
439,19.0
440,13.0
441,17.0
442,22.0
443,19.0
444,19.0
445,14.0
446,14.0
447,19.0
448,20.0
449,18.0
450,12.0
451,16.0
452,16.0
453,18.0
454,18.0
455,13.0
456,13.0
457,11.0
458,18.0
459,14.0
460,21.0
461,14.0
462,15.0
463,19.0
464,12.0
465,13.0
466,13.0
467,16.0
468,20.0
469,17.0
470,23.0
471,19.0
472,14.0
473,13.5
474,18.0
475,18.0
476,20.0
477,12.0
478,15.0
479,18.0
480,16.5
481,21.0
482,11.0
483,16.0
484,14.0
485,16.0
486,17.0
487,12.0
488,12.0
489,17.0
490,14.0
491,15.0
492,14.0
493,15.0
494,18.0
495,14.0
496,19.0
497,18.0
498,13.0
499,14.0
500,15.0
501,15.0
502,18.5
503,15.0
504,16.0
505,17.0
506,15.0
507,15.0
508,17.0
509,21.5
510,15.0
511,17.0
512,13.0
513,15.0
514,16.0
515,15.0
516,14.0
517,20.0
518,18.0
519,13.0
520,17.0
521,17.0
522,16.0
523,18.0
524,18.0
525,17.0
526,17.0
527,18.0
528,19.0
529,17.0
530,13.0
531,17.0
532,17.5
533,17.0
534,14.0
535,19.0
536,18.0
537,17.0
538,17.0
539,17.0
540,17.0
541,16.0
542,19.0
543,20.0
544,14.0
545,20.0
546,15.0
547,14.0
548,12.0
549,11.0
550,14.0
551,16.0
552,18.0
553,18.5
554,16.0
555,16.0
556,17.0
557,16.0
558,9.0
559,16.0
560,14.0
561,16.0
562,11.0
563,15.0
564,20.0
565,19.0
566,12.0
567,18.0
568,18.0
569,20.0
570,12.0
571,12.0
572,13.0
573,12.0
574,15.0
575,16.0
576,15.0
577,17.0
578,15.0
579,20.0
580,20.0
581,17.0
582,18.0
583,12.0
584,17.0
585,17.0
586,20.0
587,20.0
588,17.0
589,16.0
590,12.0
591,15.0
592,12.0
593,22.0
594,17.0
595,18.0
596,22.0
597,15.0
598,13.0
599,18.0
600,19.0
601,19.0
602,11.0
603,18.0
604,18.0
605,18.0
606,17.0
607,16.0
608,15.0
609,20.5
610,14.0
611,19.0
612,16.0
613,15.0
614,16.0
615,15.0
616,22.5
617,21.0
618,16.0
619,15.0
620,18.0
621,17.0
622,22.0
623,17.0
624,20.0
625,15.0
626,17.0
627,17.0
628,14.0
629,15.0
630,17.0
631,16.0
632,19.0
633,12.0
634,18.0
635,16.0
636,19.0
637,16.0
638,17.0
639,19.0
640,17.0
641,12.0
642,16.0
643,12.0
644,10.0
645,17.0
646,15.0
647,17.0
648,9.0
649,17.0
650,14.0
651,13.0
652,13.0
653,14.5
654,14.0
655,18.0
656,18.0
657,15.0
658,21.0
659,20.0
660,16.0
661,13.0
662,15.0
663,12.0
664,16.0
665,18.0
666,18.0
667,11.0
668,20.0
669,15.0
670,18.0
671,11.0
672,14.0
673,16.0
674,14.0
675,15.0
676,21.0
677,15.0
678,18.0
679,17.0
680,16.0
681,17.0
682,18.0
683,19.0
684,17.0
685,16.5
686,13.0
687,18.0
688,14.0
689,21.0
690,13.0
691,14.0
692,17.0
693,18.0
694,19.0
695,14.0
696,17.0
697,17.0
698,16.0
699,13.0
700,12.0
701,16.0
702,16.0
703,20.0
704,11.0
705,15.0
706,17.0
707,14.0
708,21.0
709,17.0
710,17.0
711,13.0
712,15.0
713,13.0
714,12.0
715,16.0
716,15.0
717,19.0
718,22.0
719,15.0
720,20.0
721,15.0
722,16.0
723,16.0
724,11.0
725,12.0
726,18.0
727,21.0
728,13.0
729,13.0
730,18.0
731,11.0
732,18.0
733,13.0
734,20.0
735,19.0
736,20.0
737,13.0
738,20.0
739,13.0
740,15.0
741,20.0
742,16.0
743,17.0
744,14.0
745,17.0
746,13.0
747,9.0
748,13.0
749,18.5
750,13.0
751,18.0
752,17.0
753,14.0
754,19.0
755,16.0
756,18.0
757,14.0
758,16.0
759,16.0
760,15.0
761,11.0
762,16.0
763,15.0
764,11.0
765,14.0
766,16.0
767,18.0
768,17.0
769,18.0
770,14.0
771,17.0
772,17.5
773,14.0
774,17.0
775,16.0
776,15.0
777,16.0
778,18.0
779,18.0
780,12.0
781,11.0
782,16.0
783,17.0
784,20.0
785,16.0
786,15.0
787,19.0
788,15.0
789,13.0
790,17.0
791,14.0
792,16.0
793,19.0
794,16.0
795,18.0
796,17.0
797,14.0
798,14.0
799,12.0
800,11.0
801,16.0
802,14.0
803,19.0
804,14.0
805,15.0
806,16.0
807,13.0
808,22.0
809,13.0
810,14.0
811,14.0
812,13.0
813,17.0
814,15.0
815,12.0
816,14.0
817,14.0
818,20.5
819,18.0
820,15.0
821,22.0
822,15.0
823,16.0
824,14.0
825,17.0
826,17.0
827,19.5
828,14.0
829,17.0
830,15.0
831,15.0
832,17.0
833,15.0
834,18.5
835,15.0
836,15.0
837,16.0
838,14.0
839,18.0
840,15.0
841,19.0
842,17.0
843,18.0
844,15.0
845,16.0
846,17.0
847,15.0
848,15.0
849,12.0
850,17.0
851,16.0
852,20.0
853,11.0
854,14.0
855,12.0
856,14.0
857,15.0
858,18.0
859,10.0
860,16.0
861,15.0
862,13.0
863,15.0
864,19.0
865,22.0
866,17.0
867,13.0
868,13.0
869,16.0
870,14.0
871,18.0
872,12.0
873,15.0
874,11.0
875,16.0
876,16.0
877,18.0
878,15.0
879,11.0
880,12.0
881,19.5
882,20.0
883,17.0
884,18.0
885,15.0
886,21.0
887,15.0
888,13.0
889,16.0
890,18.0
891,11.5
892,15.0
893,19.0
894,14.0
895,16.0
896,18.0
897,14.0
898,16.0
899,16.0
900,20.0
901,18.0
902,17.0
903,15.0
904,16.0
905,21.0
906,13.0
907,16.0
908,20.5
909,16.0
910,16.0
911,19.0
912,11.0
913,15.0
914,19.0
915,16.0
916,19.0
917,17.0
918,16.0
919,13.0
920,14.0
921,17.0
922,18.0
923,13.0
924,14.0
925,11.0
926,21.0
927,18.0
928,21.0
929,15.0
930,14.0
931,17.0
932,11.0
933,17.0
934,19.0
935,18.0
936,15.0
937,21.5
938,17.0
939,15.0
940,16.0
941,15.0
942,13.0
943,17.5
944,16.0
945,17.0
946,22.0
947,17.0
948,17.0
949,14.0
950,19.0
951,18.0
952,16.0
953,16.0
954,13.0
955,18.0
956,15.0
957,17.0
958,17.0
959,18.0
960,19.0
961,17.5
962,14.0
963,13.0
964,17.5
965,15.0
966,15.0
967,16.0
968,19.0
969,17.0
970,18.0
971,17.0
972,17.0
973,16.0
974,19.0
975,15.0
976,14.0
977,19.0
978,15.0
979,15.0
980,20.0
981,18.0
982,13.0
983,17.0
984,19.0
985,10.0
986,19.5
987,19.0
988,18.0
989,17.0
990,15.0
991,17.0
992,16.0
993,19.0
994,14.0
995,16.0
996,18.0
997,14.0
998,15.0
999,20.0
1000,12.0
1001,19.0
1002,15.0
1003,19.0
1004,13.0
1005,19.0
1006,16.5
1007,14.0
1008,14.0
1009,21.0
1010,14.0
1011,17.0
1012,11.0
1013,16.0
1014,16.0
1015,16.0
1016,16.0
1017,16.0
1018,22.0
1019,14.0
1020,18.0
1021,14.0
1022,13.0
1023,18.0
1024,20.0
1025,17.0
1026,15.0
1027,18.0
1028,23.0
1029,14.0
1030,15.0
1031,15.0
1032,18.0
1033,15.0
1034,18.0
1035,14.0
1036,17.0
1037,15.0
1038,18.0
1039,17.0
1040,16.0
1041,16.0
1042,18.0
1043,14.0
1044,18.0
1045,21.0
1046,15.0
1047,17.0
1048,8.0
1049,15.5
1050,22.0
1051,16.0
1052,14.0
1053,18.0
1054,18.0
1055,15.0
1056,19.0
1057,17.5
1058,22.0
1059,14.0
1060,11.0
1061,15.0
1062,18.0
1063,16.0
1064,17.0
1065,15.0
1066,19.0
1067,17.0
1068,19.0
1069,18.0
1070,20.0
1071,14.0
1072,14.0
1073,16.0
1074,18.0
1075,19.0
1076,19.0
1077,17.0
1078,19.0
1079,18.0
1080,14.0
1081,18.0
1082,23.0
1083,16.0
1084,15.0
1085,11.0
1086,15.0
1087,14.0
1088,12.0
1089,17.0
1090,18.0
1091,18.0
1092,18.0
1093,19.5
1094,14.0
1095,16.0
1096,20.0
1097,17.0
1098,12.0
1099,18.0
1100,14.0
1101,14.0
1102,12.0
1103,12.0
1104,15.0
1105,14.0
1106,14.0
1107,20.0
1108,21.5
1109,14.0
1110,13.0
1111,10.0
1112,12.0
1113,17.0
1114,17.5
1115,17.0
1116,11.0
1117,20.0
1118,17.0
1119,14.0
1120,15.0
1121,13.0
1122,17.0
1123,17.0
1124,16.0
1125,20.0
1126,17.0
1127,21.0
1128,16.0
1129,15.0
1130,17.0
1131,16.0
1132,15.0
1133,17.0
1134,17.0
1135,13.0
1136,14.0
1137,14.0
1138,14.0
1139,12.0
1140,20.0
1141,16.0
1142,14.0
1143,18.5
1144,17.0
1145,16.0
1146,18.0
1147,18.0
1148,15.0
1149,17.0
1150,18.0
1151,19.0
1152,21.0
1153,13.0
1154,16.0
1155,17.0
1156,18.0
1157,17.0
1158,10.0
1159,19.0
1160,16.0
1161,18.0
1162,17.0
1163,15.0
1164,20.0
1165,13.0
1166,19.5
1167,14.0
1168,11.0
1169,16.0
1170,11.0
1171,11.0
1172,14.0
1173,12.0
1174,12.0
1175,15.0
1176,19.0
1177,15.0
1178,14.0
1179,12.0
1180,17.0
1181,12.0
1182,13.0
1183,14.0
1184,15.0
1185,19.5
1186,19.0
1187,17.0
1188,16.0
1189,21.0
1190,14.0
1191,14.0
1192,14.0
1193,16.0
1194,19.0
1195,17.0
1196,17.0
1197,20.0
1198,18.0
1199,16.0
1200,16.0
1201,17.0
1202,19.0
1203,10.0
1204,20.0
1205,17.0
1206,13.0
1207,15.0
1208,17.0
1209,12.0
1210,16.0
1211,14.0
1212,15.0
1213,15.5
1214,19.0
1215,19.0
1216,17.0
1217,15.0
1218,16.0
1219,16.0
1220,15.5
1221,16.0
1222,14.0
1223,13.0
1224,17.0
1225,15.0
1226,19.0
1227,14.0
1228,15.0
1229,19.0
1230,15.0
1231,13.0
1232,14.0
1233,19.0
1234,17.0
1235,16.0
1236,13.0
1237,20.0
1238,17.0
1239,17.0
1240,13.0
1241,15.0
1242,19.0
1243,18.0
1244,18.0
1245,17.0
1246,18.0
1247,16.0
1248,17.0
1249,14.0
1250,15.0
1251,15.0
1252,15.0
1253,19.0
1254,15.0
1255,14.0
1256,12.0
1257,17.0
1258,20.0
1259,15.0
1260,16.0
1261,18.0
1262,15.0
1263,21.0
1264,16.0
1265,14.0
1266,17.0
1267,16.0
1268,21.5
1269,19.0
1270,15.0
1271,18.0
1272,17.0
1273,20.0
1274,19.0
1275,15.0
1276,18.0
1277,25.0
1278,16.0
1279,18.0
1280,12.0
1281,16.0
1282,13.0
1283,15.0
1284,19.0
1285,16.0
1286,17.0
1287,14.0
1288,15.0
1289,19.0
1290,12.0
1291,12.0
1292,17.0
1293,15.0
1294,19.0
1295,16.0
1296,16.0
1297,17.0
1298,13.0
1299,13.0
1300,20.0
1301,14.0
1302,14.0
1303,15.0
1304,19.0
1305,18.0
1306,19.0
1307,19.0
1308,17.0
1309,15.0
1310,20.5
1311,18.0
1312,17.0
1313,16.0
1314,16.0
1315,15.0
1316,14.0
1317,17.0
1318,21.0
1319,18.0
1320,13.0
1321,15.0
1322,17.0
1323,8.0
1324,17.0
1325,11.0
1326,18.0
1327,14.0
1328,16.0
1329,16.0
1330,17.0
1331,16.0
1332,20.0
1333,16.0
1334,16.0
1335,14.0
1336,13.0
1337,17.0
1338,12.0
1339,15.0
1340,17.0
1341,14.0
1342,17.0
1343,14.0
1344,14.0
1345,13.0
1346,14.0
1347,13.0
1348,16.0
1349,15.0
1350,18.0
1351,13.0
1352,20.0
1353,13.0
1354,19.0
1355,16.0
1356,14.0
1357,14.0
1358,17.0
1359,16.0
1360,12.0
1361,14.0
1362,11.0
1363,20.0
1364,19.0
1365,19.0
1366,14.0
1367,14.0
1368,17.0
1369,18.0
1370,19.5
1371,14.0
1372,20.0
1373,13.0
1374,20.0
1375,16.0
1376,18.0
1377,15.0
1378,16.0
1379,13.0
1380,21.0
1381,19.0
1382,17.0
1383,22.0
1384,16.0
1385,20.0
1386,21.0
1387,16.0
1388,16.0
1389,15.0
1390,18.0
1391,19.0
1392,17.0
1393,19.0
1394,18.0
1395,11.0
1396,19.0
1397,17.0
1398,17.0
1399,18.0
1400,18.0
1401,15.0
1402,19.0
1403,21.0
1404,17.0
1405,12.0
1406,16.0
1407,17.0
1408,17.0
1409,18.5
1410,15.0
1411,15.0
1412,10.0
1413,11.0
1414,19.0
1415,16.0
1416,14.0
1417,16.0
1418,12.0
1419,15.0
1420,14.0
1421,10.0
1422,19.0
1423,14.0
1424,14.5
1425,17.0
1426,21.0
1427,17.0
1428,18.0
1429,18.0
1430,21.0
1431,15.0
1432,19.0
1433,11.0
1434,20.0
1435,15.0
1436,13.0
1437,10.0
1438,16.5
1439,14.0
1440,20.5
1441,21.0
1442,14.0
1443,13.0
1444,18.0
1445,9.0
1446,12.0
1447,18.0
1448,20.0
1449,20.0
1450,18.0
1451,19.0
1452,11.0
1453,12.0
1454,19.0
1455,14.0
1456,14.0
1457,10.0
1458,16.0
1459,16.0
1460,9.0
1461,13.0
1462,17.0
1463,18.0
1464,17.0
1465,15.0
1466,15.0
1467,21.0
1468,15.0
1469,17.0
1470,17.0
1471,20.0
1472,13.0
1473,20.0
1474,14.0
1475,19.0
1476,17.0
1477,15.0
1478,14.0
1479,17.0
1480,16.0
1481,17.0
1482,15.0
1483,11.0
1484,18.0
1485,19.0
1486,17.0
1487,12.0
1488,15.0
1489,15.0
1490,16.0
1491,18.0
1492,19.0
1493,20.0
1494,19.0
1495,13.0
1496,13.0
1497,14.0
1498,16.0
1499,19.0
1500,16.0
1501,15.0
1502,17.0
1503,17.0
1504,14.0
1505,19.0
1506,21.0
1507,16.0
1508,19.0
1509,15.0
1510,12.0
1511,14.0
1512,12.0
1513,18.0
1514,22.0
1515,14.0
1516,16.0
1517,17.0
1518,11.0
1519,15.5
1520,16.0
1521,20.0
1522,15.0
1523,17.0
1524,18.0
1525,19.0
1526,17.0
1527,14.0
1528,19.0
1529,18.0
1530,15.0
1531,18.0
1532,16.0
1533,17.0
1534,11.0
1535,18.0
1536,11.0
1537,20.0
1538,9.0
1539,18.0
1540,18.0
1541,19.0
1542,17.0
1543,18.0
1544,17.0
1545,12.0
1546,22.0
1547,17.0
1548,13.0
1549,16.0
1550,10.0
1551,15.0
1552,22.0
1553,19.0
1554,16.0
1555,13.0
1556,12.0
1557,14.0
1558,16.0
1559,17.0
1560,17.0
1561,17.5
1562,18.0
1563,18.0
1564,15.0
1565,15.0
1566,14.0
1567,18.0
1568,21.0
1569,17.0
1570,17.0
1571,16.0
1572,18.0
1573,16.0
1574,16.0
1575,15.0
1576,8.0
1577,14.0
1578,17.0
1579,19.0
1580,15.0
1581,19.5
1582,18.0
1583,13.0
1584,17.0
1585,19.0
1586,17.0
1587,16.0
1588,15.0
1589,18.0
1590,16.0
1591,16.0
1592,18.0
1593,17.0
1594,12.0
1595,21.0
1596,19.0
1597,17.0
1598,14.0
1599,15.0
1600,17.0
1601,12.0
1602,12.0
1603,13.0
1604,13.0
1605,19.5
1606,18.0
1607,16.0
1608,22.0
1609,18.0
1610,15.0
1611,9.0
1612,15.0
1613,14.0
1614,19.0
1615,19.0
1616,15.0
1617,17.0
1618,12.0
1619,19.0
1620,13.0
1621,16.0
1622,19.0
1623,18.0
1624,12.0
1625,17.0
1626,14.0
1627,11.0
1628,17.0
1629,16.0
1630,15.0
1631,15.0
1632,17.0
1633,13.0
1634,15.0
1635,17.0
1636,20.5
1637,20.0
1638,16.0
1639,18.0
1640,13.0
1641,19.0
1642,18.0
1643,18.0
1644,17.0
1645,14.0
1646,15.0
1647,14.0
1648,19.0
1649,20.0
1650,17.0
1651,15.0
1652,13.0
1653,18.0
1654,16.0
1655,13.0
1656,17.0
1657,10.0
1658,13.0
1659,21.5
1660,21.0
1661,17.0
1662,16.0
1663,15.0
1664,19.0
1665,20.0
1666,16.0
1667,14.0
1668,19.0
1669,15.0
1670,17.0
1671,16.0
1672,15.0
1673,15.0
1674,18.0
1675,14.0
1676,18.0
1677,18.0
1678,14.0
1679,18.0
1680,11.0
1681,12.0
1682,12.0
1683,13.0
1684,17.5
1685,16.0
1686,20.0
1687,18.0
1688,17.0
1689,16.5
1690,14.0
1691,16.0
1692,15.0
1693,20.0
1694,17.0
1695,13.0
1696,19.0
1697,17.0
1698,17.0
1699,16.0
1700,14.0
1701,8.0
1702,13.0
1703,21.0
1704,16.0
1705,10.0
1706,16.0
1707,19.0
1708,18.0
1709,16.0
1710,15.0
1711,16.0
1712,13.5
1713,16.0
1714,12.0
1715,17.0
1716,15.0
1717,19.0
1718,16.5
1719,14.0
1720,15.0
1721,16.0
1722,18.0
1723,13.0
1724,17.0
1725,12.0
1726,17.0
1727,17.0
1728,14.0
1729,16.0
1730,18.0
1731,17.0
1732,15.0
1733,13.0
1734,16.0
1735,17.0
1736,19.0
1737,19.5
1738,19.0
1739,15.0
1740,18.0
1741,15.0
1742,12.0
1743,17.0
1744,14.0
1745,19.0
1746,17.0
1747,13.0
1748,18.0
1749,14.0
1750,16.0
1751,18.0
1752,15.0
1753,13.0
1754,17.0
1755,13.0
1756,16.0
1757,21.0
1758,13.0
1759,15.0
1760,14.0
1761,16.0
1762,17.0
1763,15.0
1764,19.0
1765,17.0
1766,17.0
1767,16.0
1768,16.0
1769,11.0
1770,14.0
1771,18.0
1772,14.0
1773,12.0
1774,17.0
1775,13.0
1776,16.0
1777,20.0
1778,13.0
1779,18.0
1780,16.0
1781,16.0
1782,10.0
1783,16.0
1784,15.0
1785,20.0
1786,17.0
1787,15.0
1788,15.0
1789,13.0
1790,18.0
1791,18.0
1792,12.0
1793,17.0
1794,14.0
1795,16.0
1796,18.0
1797,21.0
1798,16.0
1799,17.0
1800,13.0
1801,16.0
1802,13.0
1803,18.5
1804,16.5
1805,15.0
1806,13.0
1807,15.0
1808,14.0
1809,13.0
1810,13.0
1811,17.5
1812,16.0
1813,14.0
1814,16.0
1815,20.0
1816,17.0
1817,15.0
1818,12.5
1819,12.0
1820,13.0
1821,18.0
1822,9.0
1823,15.0
1824,18.5
1825,20.0
1826,12.0
1827,21.0
1828,18.0
1829,13.0
1830,12.0
1831,17.0
1832,15.0
1833,18.0
1834,20.0
1835,16.0
1836,14.0
1837,18.0
1838,22.5
1839,14.0
1840,18.0
1841,14.0
1842,15.0
1843,18.0
1844,21.0
1845,14.5
1846,17.0
1847,18.0
1848,13.0
1849,16.0
1850,20.0
1851,22.0
1852,14.0
1853,12.0
1854,13.0
1855,12.0
1856,18.5
1857,14.0
1858,16.0
1859,11.0
1860,16.0
1861,15.0
1862,17.0
1863,18.0
1864,16.0
1865,18.0
1866,13.0
1867,16.0
1868,10.0
1869,17.0
1870,14.0
1871,14.5
1872,15.0
1873,16.0
1874,15.0
1875,15.0
1876,18.0
1877,11.0
1878,22.0
1879,22.0
1880,20.0
1881,15.0
1882,20.0
1883,14.0
1884,23.0
1885,15.0
1886,19.0
1887,14.0
1888,14.0
1889,14.0
1890,17.0
1891,16.0
1892,22.0
1893,16.0
1894,16.0
1895,17.0
1896,19.0
1897,16.0
1898,18.0
1899,17.0
1900,18.0
1901,14.0
1902,17.5
1903,14.0
1904,16.0
1905,17.0
1906,13.0
1907,18.0
1908,14.0
1909,16.0
1910,9.0
1911,13.0
1912,18.0
1913,15.0
1914,15.0
1915,16.0
1916,12.0
1917,15.0
1918,14.0
1919,13.0
1920,15.0
1921,20.0
1922,17.0
1923,13.0
1924,11.0
1925,18.0
1926,19.0
1927,16.0
1928,15.0
1929,12.0
1930,18.0
1931,13.0
1932,20.0
1933,19.0
1934,22.0
1935,15.0
1936,15.0
1937,12.0
1938,18.0
1939,16.0
1940,17.0
1941,16.0
1942,17.0
1943,11.0
1944,19.0
1945,19.0
1946,17.0
1947,17.0
1948,19.0
1949,14.0
1950,13.0
1951,17.0
1952,19.0
1953,17.0
1954,17.0
1955,18.0
1956,17.0
1957,15.0
1958,18.0
1959,18.0
1960,15.0
1961,19.0
1962,19.0
1963,16.0
1964,18.0
1965,18.0
1966,16.0
1967,20.0
1968,19.0
1969,14.0
1970,19.0
1971,16.0
1972,18.0
1973,17.0
1974,17.0
1975,15.0
1976,16.0
1977,16.5
1978,13.0
1979,15.0
1980,16.0
1981,18.0
1982,13.0
1983,18.0
1984,12.0
1985,18.0
1986,22.0
1987,20.0
1988,17.0
1989,13.0
1990,15.0
1991,20.0
1992,21.0
1993,15.0
1994,17.0
1995,13.0
1996,16.0
1997,16.0
1998,18.0
1999,19.0
2000,18.5
2001,19.0
2002,19.0
2003,15.0
2004,16.0
2005,9.0
2006,11.0
2007,14.0
2008,13.0
2009,14.0
2010,20.0
2011,15.0
2012,17.0
2013,15.0
2014,16.5
2015,16.0
2016,13.0
2017,14.0
2018,16.0
2019,20.0
2020,20.0
2021,10.0
2022,12.0
2023,16.0
2024,17.0
2025,17.0
2026,16.0
2027,17.0
2028,19.5
2029,15.0
2030,19.0
2031,14.0
2032,15.0
2033,18.0
2034,15.0
2035,18.0
2036,16.0
2037,15.0
2038,19.0
2039,14.0
2040,16.0
2041,10.0
2042,13.0
2043,13.5
2044,17.0
2045,17.0
2046,12.0
2047,10.0
2048,13.0
2049,18.5
2050,11.0
2051,17.0
2052,18.0
2053,15.0
2054,15.0
2055,15.0
2056,18.0
2057,14.0
2058,16.0
2059,17.0
2060,17.0
2061,16.0
2062,16.0
2063,20.0
2064,15.0
2065,13.0
2066,17.0
2067,18.0
2068,17.0
2069,20.0
2070,17.0
2071,14.0
2072,18.0
2073,14.0
2074,18.0
2075,18.0
2076,18.0
2077,20.0
2078,15.0
2079,16.0
2080,13.0
2081,13.0
2082,17.0
2083,17.0
2084,16.0
2085,21.0
2086,16.0
2087,12.0
2088,13.0
2089,12.0
2090,13.0
2091,18.0
2092,16.0
2093,19.0
2094,24.5
2095,11.0
2096,18.0
2097,16.0
2098,13.0
2099,19.0
2100,12.0
2101,14.0
2102,19.0
2103,15.0
2104,16.0
2105,17.0
2106,15.0
2107,17.0
2108,15.0
2109,17.0
2110,17.0
2111,13.0
2112,16.0
2113,19.0
2114,18.0
2115,11.0
2116,19.5
2117,13.0
2118,18.0
2119,17.0
2120,15.0
2121,14.0
2122,16.0
2123,18.0
2124,16.0
2125,14.0
2126,17.0
2127,13.0
2128,16.0
2129,19.0
2130,21.0
2131,12.0
2132,14.0
2133,12.0
2134,14.0
2135,20.0
2136,14.0
2137,20.0
2138,15.0
2139,18.0
2140,17.0
2141,14.0
2142,17.0
2143,18.0
2144,16.0
2145,19.0
2146,23.0
2147,14.0
2148,11.0
2149,16.0
2150,12.0
2151,18.0
2152,17.0
2153,19.0
2154,16.0
2155,11.0
2156,16.0
2157,12.0
2158,19.0
2159,13.0
2160,18.0
2161,17.0
2162,18.0
2163,20.0
2164,14.0
2165,13.0
2166,15.0
2167,13.0
2168,14.0
2169,18.0
2170,15.0
2171,14.0
2172,11.0
2173,18.0
2174,14.0
2175,17.0
2176,14.0
2177,20.0
2178,13.0
2179,15.0
2180,23.0
2181,11.0
2182,11.0
2183,14.0
2184,15.0
2185,17.0
2186,19.0
2187,16.0
2188,13.0
2189,20.0
2190,20.0
2191,15.0
2192,17.0
2193,16.0
2194,13.0
2195,21.0
2196,14.0
2197,16.0
2198,20.0
2199,16.0
2200,16.0
2201,11.0
2202,16.0
2203,22.0
2204,16.0
2205,17.0
2206,13.0
2207,18.0
2208,16.0
2209,15.0
2210,14.0
2211,15.0
2212,16.0
2213,13.0
2214,12.0
2215,19.0
2216,14.0
2217,13.0
2218,15.0
2219,14.0
2220,21.0
2221,10.0
2222,21.0
2223,15.0
2224,18.0
2225,17.0
2226,15.0
2227,15.0
2228,14.0
2229,18.0
2230,15.0
2231,16.0
2232,14.0
2233,12.0
2234,14.0
2235,19.0
2236,19.0
2237,21.0
2238,16.0
2239,16.0
2240,16.0
2241,21.0
2242,12.0
2243,18.0
2244,18.0
2245,15.0
2246,14.0
2247,17.0
2248,16.0
2249,18.0
2250,15.0
2251,18.0
2252,15.0
2253,14.0
2254,19.0
2255,19.0
2256,18.0
2257,15.0
2258,17.0
2259,13.0
2260,16.0
2261,14.0
2262,17.0
2263,17.0
2264,15.0
2265,13.0
2266,17.0
2267,19.0
2268,16.0
2269,17.0
2270,14.0
2271,15.0
2272,15.0
2273,15.0
2274,17.0
2275,12.0
2276,16.0
2277,13.0
2278,17.0
2279,19.0
2280,19.0
2281,16.0
2282,16.0
2283,18.0
2284,20.0
2285,22.0
2286,18.0
2287,17.0
2288,20.0
2289,13.0
2290,18.0
2291,16.0
2292,18.0
2293,20.0
2294,10.5
2295,11.0
2296,20.0
2297,18.0
2298,17.0
2299,17.0
2300,18.0
2301,17.0
2302,16.0
2303,14.0
2304,19.0
2305,17.0
2306,16.0
2307,15.0
2308,16.0
2309,14.0
2310,17.0
2311,10.0
2312,18.0
2313,18.0
2314,17.0
2315,14.0
2316,15.0
2317,13.0
2318,11.0
2319,15.0
2320,14.0
2321,18.0
2322,15.0
2323,15.0
2324,17.0
2325,15.0
2326,18.0
2327,14.0
2328,16.0
2329,16.0
2330,19.0
2331,21.0
2332,15.0
2333,16.0
2334,17.5
2335,14.0
2336,18.0
2337,18.0
2338,18.0
2339,18.0
2340,21.0
2341,20.0
2342,19.0
2343,16.0
2344,18.0
2345,16.0
2346,22.0
2347,14.0
2348,15.0
2349,15.0
2350,14.0
2351,17.0
2352,17.0
2353,15.0
2354,14.0
2355,19.0
2356,12.0
2357,20.0
2358,14.0
2359,18.0
2360,15.0
2361,17.0
2362,10.0
2363,14.0
2364,19.5
2365,17.0
2366,19.0
2367,19.0
2368,13.0
2369,13.0
2370,17.0
2371,14.0
2372,16.0
2373,16.0
2374,12.0
2375,12.0
2376,11.0
2377,16.0
2378,15.0
2379,19.0
2380,13.0
2381,17.0
2382,15.0
2383,14.0
2384,15.0
2385,18.0
2386,11.0
2387,16.0
2388,16.5
2389,11.0
2390,20.0
2391,18.0
2392,17.0
2393,18.0
2394,13.0
2395,14.0
2396,16.0
2397,16.0
2398,13.0
2399,17.0
2400,16.0
2401,13.0
2402,14.0
2403,14.0
2404,17.0
2405,18.0
2406,14.0
2407,17.0
2408,17.0
2409,17.0
2410,14.0
2411,19.0
2412,21.0
2413,20.0
2414,13.0
2415,21.0
2416,15.0
2417,11.0
2418,16.0
2419,19.0
2420,16.0
2421,15.0
2422,14.0
2423,20.0
2424,15.0
2425,17.0
2426,18.0
2427,18.0
2428,12.0
2429,17.0
2430,13.0
2431,17.0
2432,19.0
2433,13.0
2434,13.0
2435,16.0
2436,16.0
2437,20.0
2438,19.0
2439,19.0
2440,17.0
2441,16.0
2442,12.0
2443,17.0
2444,23.0
2445,15.0
2446,18.0
2447,18.0
2448,20.0
2449,16.0
2450,19.0
2451,17.0
2452,15.0
2453,13.0
2454,18.0
2455,19.0
2456,14.0
2457,17.0
2458,17.0
2459,11.0
2460,13.0
2461,9.0
2462,13.0
2463,17.0
2464,19.0
2465,13.0
2466,17.0
2467,18.0
2468,21.0
2469,14.0
2470,15.0
2471,19.0
2472,14.0
2473,20.0
2474,16.0
2475,14.0
2476,14.0
2477,16.0
2478,16.0
2479,15.5
2480,19.0
2481,12.0
2482,11.0
2483,16.0
2484,11.0
2485,12.0
2486,21.0
2487,21.0
2488,17.0
2489,16.0
2490,19.0
2491,17.0
2492,18.0
2493,18.0
2494,13.0
2495,14.0
2496,14.0
2497,14.5
2498,17.0
2499,22.0
2500,22.0
2501,11.0
2502,19.0
2503,15.0
2504,19.0
2505,13.0
2506,17.0
2507,15.0
2508,11.0
2509,21.5
2510,19.0
2511,18.0
2512,17.0
2513,16.0
2514,19.0
2515,18.0
2516,16.0
2517,17.0
2518,18.0
2519,17.0
2520,14.0
2521,15.0
2522,20.0
2523,18.0
2524,12.0
2525,14.0
2526,19.0
2527,14.0
2528,16.0
2529,19.0
2530,18.0
2531,19.0
2532,16.0
2533,15.0
2534,19.0
2535,17.0
2536,16.0
2537,16.0
2538,12.0
2539,13.0
2540,16.0
2541,20.0
2542,21.0
2543,19.0
2544,18.0
2545,13.0
2546,13.0
2547,15.0
2548,19.0
2549,14.0
2550,15.0
2551,20.0
2552,21.0
2553,14.0
2554,14.0
2555,16.0
2556,16.0
2557,14.0
2558,18.5
2559,17.0
2560,12.0
2561,17.0
2562,16.0
2563,22.0
2564,19.0
2565,19.0
2566,16.0
2567,19.0
2568,12.0
2569,19.0
2570,19.0
2571,16.0
2572,18.0
2573,19.0
2574,18.0
2575,19.0
2576,20.0
2577,12.0
2578,10.0
2579,19.0
2580,15.0
2581,15.0
2582,12.0
2583,16.0
2584,20.0
2585,17.0
2586,15.0
2587,19.0
2588,21.0
2589,13.0
2590,19.5
2591,17.0
2592,12.0
2593,20.0
2594,19.0
2595,17.0
2596,13.5
2597,16.0
2598,13.0
2599,19.0
2600,17.0
2601,21.0
2602,13.0
2603,10.0
2604,15.0
2605,16.0
2606,12.0
2607,15.0
2608,17.0
2609,14.0
2610,13.0
2611,20.0
2612,14.0
2613,14.0
2614,13.0
2615,19.0
2616,19.0
2617,16.0
2618,18.0
2619,13.0
2620,19.0
2621,12.0
2622,13.0
2623,15.0
2624,20.0
2625,14.0
2626,17.0
2627,16.0
2628,16.0
2629,13.0
2630,18.0
2631,17.0
2632,13.0
2633,21.0
2634,15.0
2635,13.0
2636,14.0
2637,20.0
2638,17.0
2639,15.0
2640,21.0
2641,17.0
2642,14.0
2643,15.0
2644,24.0
2645,21.0
2646,16.0
2647,18.0
2648,16.0
2649,17.0
2650,14.0
2651,17.0
2652,18.0
2653,14.0
2654,15.0
2655,15.0
2656,14.0
2657,18.5
2658,20.0
2659,17.0
2660,21.0
2661,17.0
2662,17.0
2663,15.0
2664,18.0
2665,18.0
2666,16.0
2667,16.0
2668,20.0
2669,14.0
2670,15.0
2671,12.0
2672,18.0
2673,17.0
2674,15.0
2675,19.5
2676,17.0
2677,15.0
2678,18.0
2679,20.0
2680,19.0
2681,15.0
2682,18.0
2683,17.0
2684,10.0
2685,12.0
2686,12.0
2687,16.0
2688,19.0
2689,18.5
2690,20.0
2691,13.5
2692,16.0
2693,13.0
2694,14.0
2695,15.0
2696,15.0
2697,13.0
2698,18.0
2699,21.0
2700,18.0
2701,14.0
2702,18.0
2703,11.0
2704,16.0
2705,14.0
2706,16.0
2707,15.0
2708,19.0
2709,17.5
2710,15.0
2711,13.0
2712,8.0
2713,17.0
2714,14.0
2715,16.0
2716,12.0
2717,14.0
2718,17.0
2719,17.0
2720,17.0
2721,20.0
2722,11.0
2723,20.0
2724,14.0
2725,12.0
2726,17.0
2727,13.0
2728,16.0
2729,18.0
2730,20.5
2731,14.0
2732,11.0
2733,13.0
2734,19.0
2735,16.0
2736,14.0
2737,11.0
2738,13.0
2739,19.5
2740,15.0
2741,20.0
2742,15.0
2743,10.0
2744,15.0
2745,18.0
2746,13.0
2747,17.0
2748,14.0
2749,14.0
2750,12.0
2751,17.0
2752,12.0
2753,18.0
2754,15.0
2755,18.0
2756,16.0
2757,16.0
2758,10.0
2759,14.0
2760,15.0
2761,13.0
2762,17.0
2763,12.0
2764,10.0
2765,19.0
2766,17.0
2767,21.0
2768,18.0
2769,16.0
2770,16.0
2771,18.0
2772,14.0
2773,17.0
2774,17.0
2775,18.0
2776,18.0
2777,15.0
2778,14.0
2779,23.0
2780,14.0
2781,15.0
2782,19.0
2783,22.0
2784,19.0
2785,9.0
2786,23.0
2787,16.0
2788,16.0
2789,10.0
2790,20.5
2791,15.0
2792,17.0
2793,15.0
2794,16.0
2795,16.0
2796,16.0
2797,15.0
2798,17.0
2799,17.0
2800,19.0
2801,21.0
2802,15.0
2803,16.0
2804,17.0
2805,17.0
2806,16.0
2807,19.0
2808,22.0
2809,20.0
2810,13.0
2811,12.0
2812,18.0
2813,13.0
2814,13.0
2815,18.0
2816,15.0
2817,16.0
2818,13.0
2819,18.0
2820,12.0
2821,10.0
2822,16.0
2823,11.0
2824,19.0
2825,17.0
2826,15.0
2827,12.0
2828,16.0
2829,18.0
2830,14.0
2831,16.0
2832,19.0
2833,14.0
2834,10.0
2835,20.5
2836,19.0
2837,10.0
2838,18.0
2839,22.0
2840,19.0
2841,16.0
2842,19.0
2843,13.0
2844,15.0
2845,20.0
2846,19.0
2847,20.0
2848,15.0
2849,15.0
2850,18.0
2851,15.0
2852,13.0
2853,22.0
2854,12.0
2855,20.0
2856,18.0
2857,17.0
2858,19.0
2859,12.0
2860,14.0
2861,21.0
2862,17.0
2863,13.0
2864,14.0
2865,18.5
2866,17.0
2867,16.0
2868,21.0
2869,19.0
2870,11.0
2871,16.0
2872,18.0
2873,10.0
2874,18.0
2875,22.0
2876,17.0
2877,18.0
2878,17.0
2879,12.0
2880,20.0
2881,14.0
2882,19.0
2883,13.0
2884,17.0
2885,13.0
2886,17.0
2887,15.0
2888,20.0
2889,21.0
2890,12.0
2891,13.0
2892,17.0
2893,13.0
2894,17.0
2895,18.0
2896,12.0
2897,21.0
2898,17.0
2899,12.0
2900,18.0
2901,12.0
2902,21.0
2903,18.0
2904,22.5
2905,18.0
2906,17.0
2907,19.0
2908,18.0
2909,13.0
2910,19.0
2911,22.0
2912,15.5
2913,18.0
2914,13.0
2915,17.0
2916,17.0
2917,18.0
2918,12.0
2919,15.0
2920,21.0
2921,23.0
2922,17.0
2923,12.0
2924,11.0
2925,20.0
2926,18.0
2927,10.0
2928,14.0
2929,16.0
2930,16.0
2931,10.0
2932,14.0
2933,19.0
2934,17.0
2935,13.0
2936,20.0
2937,11.0
2938,14.0
2939,23.0
2940,16.0
2941,15.0
2942,19.0
2943,12.0
2944,12.0
2945,16.0
2946,18.0
2947,12.0
2948,15.0
2949,14.0
2950,22.0
2951,15.0
2952,21.0
2953,13.0
2954,13.0
2955,20.0
2956,10.0
2957,17.0
2958,12.0
2959,16.0
2960,16.5
2961,19.0
2962,16.0
2963,15.0
2964,19.0
2965,12.0
2966,12.0
2967,14.0
2968,20.0
2969,17.0
2970,12.0
2971,17.0
2972,19.0
2973,15.0
2974,20.0
2975,15.0
2976,12.0
2977,18.0
2978,18.0
2979,16.0
2980,16.0
2981,18.0
2982,15.0
2983,18.0
2984,15.0
2985,15.0
2986,15.0
2987,14.0
2988,16.0
2989,16.0
2990,18.0
2991,19.0
2992,16.0
2993,14.0
2994,12.0
2995,17.0
2996,15.0
2997,16.0
2998,16.0
2999,17.0
